time,catalogue_cpu_pct,catalogue_target_pct,catalogue_current,catalogue_desired,gateway_cpu_pct,gateway_current,gateway_desired
01:54:59,19,50,1,1,20,1,1
01:55:04,19,50,1,1,10,1,1
01:55:09,9,50,1,1,10,1,1
01:55:14,9,50,1,1,10,1,1
01:55:20,11,50,1,1,18,1,1
01:55:25,11,50,1,1,18,1,1
01:55:30,11,50,1,1,18,1,1
01:55:35,113,50,1,3,114,1,2
01:55:40,113,50,1,3,114,1,2
01:55:46,113,50,1,3,114,1,2
01:55:51,305,50,3,6,272,2,4
01:55:56,305,50,3,6,272,2,4
01:56:01,305,50,3,6,272,2,4
01:56:06,200,50,6,6,454,4,4
01:56:11,200,50,6,6,454,4,4
01:56:17,200,50,6,6,454,4,4
01:56:22,280,50,6,6,266,4,4
01:56:27,280,50,6,6,266,4,4
01:56:32,280,50,6,6,266,4,4
01:56:37,199,50,6,6,369,4,4
01:56:43,199,50,6,6,369,4,4
01:56:48,199,50,6,6,369,4,4
01:56:53,249,50,6,6,401,4,4
01:56:58,249,50,6,6,401,4,4
01:57:03,249,50,6,6,401,4,4
01:57:09,256,50,6,6,428,4,4
01:57:14,256,50,6,6,428,4,4
01:57:19,256,50,6,6,434,4,4
01:57:24,261,50,6,6,434,4,4
01:57:29,261,50,6,6,434,4,4
01:57:35,261,50,6,6,433,4,4
01:57:40,260,50,6,6,433,4,4
01:57:45,260,50,6,6,433,4,4
01:57:50,259,50,6,6,435,4,4
01:57:55,259,50,6,6,435,4,4
01:58:01,259,50,6,6,435,4,4
01:58:06,262,50,6,6,434,4,4
01:58:11,262,50,6,6,434,4,4
01:58:16,262,50,6,6,434,4,4
01:58:21,261,50,6,6,433,4,4
01:58:27,261,50,6,6,433,4,4
01:58:32,261,50,6,6,433,4,4
01:58:37,266,50,6,6,435,4,4
01:58:42,266,50,6,6,435,4,4
01:58:47,266,50,6,6,435,4,4
01:58:53,275,50,6,6,437,4,4
01:58:58,275,50,6,6,437,4,4
01:59:03,275,50,6,6,437,4,4
01:59:08,280,50,6,6,434,4,4
01:59:13,280,50,6,6,434,4,4
01:59:19,280,50,6,6,434,4,4
01:59:24,275,50,6,6,439,4,4
01:59:29,275,50,6,6,439,4,4
01:59:34,275,50,6,6,439,4,4
01:59:39,278,50,6,6,436,4,4
01:59:45,278,50,6,6,436,4,4
01:59:50,278,50,6,6,378,4,4
01:59:55,260,50,6,6,378,4,4
02:00:00,260,50,6,6,378,4,4
02:00:05,153,50,6,6,191,4,4
02:00:11,153,50,6,6,191,4,4
02:00:16,153,50,6,6,191,4,4
02:00:21,45,50,6,6,94,4,4
02:00:26,45,50,6,6,94,4,4
02:00:31,45,50,6,6,94,4,4
02:00:36,22,50,6,6,53,4,4
02:00:41,22,50,6,6,53,4,4
02:00:47,22,50,6,6,53,4,4
02:00:52,20,50,6,6,27,4,4
02:00:57,20,50,6,6,27,4,4
02:01:02,20,50,6,6,27,4,4
02:01:07,21,50,6,6,28,4,4
02:01:12,21,50,6,6,28,4,4
02:01:18,21,50,6,6,28,4,4
02:01:23,23,50,6,3,28,4,4
02:01:28,23,50,6,3,28,4,4
02:01:33,23,50,6,3,28,4,4
02:01:38,41,50,3,3,28,4,4
02:01:43,41,50,3,3,28,4,4
02:01:49,41,50,3,3,28,4,4
02:01:54,40,50,3,3,28,4,4
02:01:59,40,50,3,3,28,4,4
02:02:04,40,50,3,3,28,4,4
02:02:09,47,50,3,3,28,4,4
02:02:14,47,50,3,3,28,4,4
02:02:20,47,50,3,3,28,4,4
02:02:25,40,50,3,3,28,4,4
02:02:30,40,50,3,3,28,4,4
02:02:35,44,50,3,3,28,4,4
02:02:40,44,50,3,3,28,4,4
02:02:45,44,50,3,3,28,4,4
02:02:51,40,50,3,3,29,4,4
02:02:56,40,50,3,3,29,4,4
02:03:01,40,50,3,3,29,4,4
02:03:06,48,50,3,3,28,4,4
